,cum_return,SR,SR_BTC,MD,Vol
0,0.03809363884109597,-4.830544298477174,-2.9621741513715754,0.9629624862642663,0.005219062856749426
