,cum_return,SR,SR_BTC,MD,Vol
0,0.9961715744493301,-0.03294318429390858,1.4568136575298907,0.13511952727954313,0.0023084939351367493
1,0.9972818700512194,-0.023278217243528153,1.4598000410000607,0.13523624861595185,0.0023182103970757523
2,0.9977342103561953,-0.019387257533465017,1.4613453438995998,0.13530008807401417,0.0023197283476004997
3,0.9983234620053433,-0.014310243643732604,1.4629385176367995,0.13545265100598014,0.0023247279050984605
4,0.9986263294091761,-0.011724968219888597,1.4641316996514389,0.1353669825063274,0.002324399815880839
